"Path","LastWrite"
"C:\Users\kalle\Downloads\Aether_master (1) (1)\aether_final\aether_repo\extracted\aether_final\modules\gui.py","2026-03-28 03:13:55"
"C:\Users\kalle\Downloads\Aether_master (1) (1)\aether_final\aether_repo\extracted\aether_final\shanway_llm.py","2026-03-28 03:13:55"
"C:\Users\kalle\Downloads\Aether_master (1) (1)\aether_final\aether_repo\extracted\aether_final\modules\vault_analyzer.py","2026-03-28 03:13:55"
"C:\Users\kalle\Downloads\Aether_master (1) (1)\aether_final\aether_repo\extracted\aether_final\SHANWAY_MASTER.md","2026-03-28 03:13:55"
"C:\Users\kalle\Downloads\Aether_master (1) (1)\aether_final\aether_repo\extracted\aether_final\modules\privacy_anchor_builder.py","2026-03-28 03:13:55"
"C:\Users\kalle\Downloads\Aether_master (1) (1)\aether_final\aether_repo\extracted\aether_final\shanway_chat.py","2026-03-28 03:13:55"
"C:\Users\kalle\Downloads\Aether_master (1) (1)\aether_final\aether_repo\extracted\aether_final\modules\shanway.py","2026-03-28 03:13:55"
"C:\Users\kalle\Downloads\Aether_master (1) (1)\aether_final\aether_repo\extracted\aether_final\modules\ae_evolution_core.py","2026-03-28 03:13:55"
"C:\Users\kalle\Downloads\Aether_master (1) (1)\aether_final\aether_repo\extracted\aether_final\modules\agent_loop.py","2026-03-28 03:13:55"
"C:\Users\kalle\Downloads\Aether_master (1) (1)\aether_final\aether_repo\extracted\aether_final\modules\registry.py","2026-03-28 03:13:55"
"C:\Users\kalle\Downloads\Aether_master (1) (1)\aether_final\aether_repo\extracted\aether_final\src\shanway.rs","2026-03-28 03:02:58"
"C:\Users\kalle\Downloads\Aether_master (1) (1)\aether_final\aether_repo\extracted\aether_final\src\aef.rs","2026-03-28 03:02:58"
"C:\Users\kalle\Downloads\Aether_master (1) (1)\aether_final\aether_repo\extracted\aether_final\WHITEPAPER.md","2026-03-28 02:41:18"
"C:\Users\kalle\Downloads\Aether_master (1) (1)\aether_final\aether_repo\extracted\aether_final\start.py","2026-03-28 02:41:18"
"C:\Users\kalle\Downloads\Aether_master (1) (1)\aether_final\aether_repo\extracted\aether_final\shanway_web.py","2026-03-28 02:41:18"
"C:\Users\kalle\Downloads\Aether_master (1) (1)\aether_final\aether_repo\extracted\aether_final\shanway_vault.py","2026-03-28 02:41:18"
"C:\Users\kalle\Downloads\Aether_master (1) (1)\aether_final\aether_repo\extracted\aether_final\shanway_session.py","2026-03-28 02:41:18"
"C:\Users\kalle\Downloads\Aether_master (1) (1)\aether_final\aether_repo\extracted\aether_final\shanway_registry.py","2026-03-28 02:41:18"
"C:\Users\kalle\Downloads\Aether_master (1) (1)\aether_final\aether_repo\extracted\aether_final\shanway_pipeline.py","2026-03-28 02:41:18"
"C:\Users\kalle\Downloads\Aether_master (1) (1)\aether_final\aether_repo\extracted\aether_final\ROADMAP.md","2026-03-28 02:41:17"
"C:\Users\kalle\Downloads\Aether_master (1) (1)\aether_final\aether_repo\extracted\aether_final\README.md","2026-03-28 02:41:17"
"C:\Users\kalle\Downloads\Aether_master (1) (1)\aether_final\aether_repo\extracted\aether_final\.gitignore","2026-03-28 02:41:17"
"C:\Users\kalle\Downloads\Aether_master (1) (1)\aether_final\aether_repo\extracted\aether_final\tests\test_shanway_response_builder.py","2026-03-28 02:41:17"
"C:\Users\kalle\Downloads\Aether_master (1) (1)\aether_final\aether_repo\extracted\aether_final\tests\test_shanway_interface.py","2026-03-28 02:41:17"
"C:\Users\kalle\Downloads\Aether_master (1) (1)\aether_final\aether_repo\extracted\aether_final\tests\test_lossless_roundtrip.py","2026-03-28 02:41:17"
"C:\Users\kalle\Downloads\Aether_master (1) (1)\aether_final\aether_repo\extracted\aether_final\tests\mini_selftest.py","2026-03-28 02:41:17"
"C:\Users\kalle\Downloads\Aether_master (1) (1)\aether_final\aether_repo\extracted\aether_final\src\vault_access.rs","2026-03-28 02:41:17"
"C:\Users\kalle\Downloads\Aether_master (1) (1)\aether_final\aether_repo\extracted\aether_final\src\theory_of_mind.rs","2026-03-28 02:41:17"
"C:\Users\kalle\Downloads\Aether_master (1) (1)\aether_final\aether_repo\extracted\aether_final\src\runtime_signal.rs","2026-03-28 02:41:17"
"C:\Users\kalle\Downloads\Aether_master (1) (1)\aether_final\aether_repo\extracted\aether_final\src\pack.rs","2026-03-28 02:41:17"
"C:\Users\kalle\Downloads\Aether_master (1) (1)\aether_final\aether_repo\extracted\aether_final\src\priority.rs","2026-03-28 02:41:17"
"C:\Users\kalle\Downloads\Aether_master (1) (1)\aether_final\aether_repo\extracted\aether_final\src\observation.rs","2026-03-28 02:41:17"
"C:\Users\kalle\Downloads\Aether_master (1) (1)\aether_final\aether_repo\extracted\aether_final\src\offline_cache.rs","2026-03-28 02:41:17"
"C:\Users\kalle\Downloads\Aether_master (1) (1)\aether_final\aether_repo\extracted\aether_final\src\lib.rs","2026-03-28 02:41:17"
"C:\Users\kalle\Downloads\Aether_master (1) (1)\aether_final\aether_repo\extracted\aether_final\src\inter_layer_bus.rs","2026-03-28 02:41:17"
"C:\Users\kalle\Downloads\Aether_master (1) (1)\aether_final\aether_repo\extracted\aether_final\src\iced_shell.rs","2026-03-28 02:41:17"
"C:\Users\kalle\Downloads\Aether_master (1) (1)\aether_final\aether_repo\extracted\aether_final\src\chat_sync.rs","2026-03-28 02:41:17"
"C:\Users\kalle\Downloads\Aether_master (1) (1)\aether_final\aether_repo\extracted\aether_final\src\bus_ipc.rs","2026-03-28 02:41:17"
"C:\Users\kalle\Downloads\Aether_master (1) (1)\aether_final\aether_repo\extracted\aether_final\src\app.rs","2026-03-28 02:41:17"
"C:\Users\kalle\Downloads\Aether_master (1) (1)\aether_final\aether_repo\extracted\aether_final\src\bin\aether-cli.rs","2026-03-28 02:41:17"
"C:\Users\kalle\Downloads\Aether_master (1) (1)\aether_final\aether_repo\extracted\aether_final\modules\spacetime_renderer.py","2026-03-28 02:41:17"
"C:\Users\kalle\Downloads\Aether_master (1) (1)\aether_final\aether_repo\extracted\aether_final\modules\shanway_response_builder.py","2026-03-28 02:41:17"
"C:\Users\kalle\Downloads\Aether_master (1) (1)\aether_final\aether_repo\extracted\aether_final\modules\shanway_interface.py","2026-03-28 02:41:17"
"C:\Users\kalle\Downloads\Aether_master (1) (1)\aether_final\aether_repo\extracted\aether_final\modules\shanway_engine.py","2026-03-28 02:41:17"
"C:\Users\kalle\Downloads\Aether_master (1) (1)\aether_final\aether_repo\extracted\aether_final\modules\screen_vision_engine.py","2026-03-28 02:41:17"
"C:\Users\kalle\Downloads\Aether_master (1) (1)\aether_final\aether_repo\extracted\aether_final\modules\preload_optimizer.py","2026-03-28 02:41:16"
"C:\Users\kalle\Downloads\Aether_master (1) (1)\aether_final\aether_repo\extracted\aether_final\modules\multimodal_router.py","2026-03-28 02:41:16"
"C:\Users\kalle\Downloads\Aether_master (1) (1)\aether_final\aether_repo\extracted\aether_final\modules\dialog_engine.py","2026-03-28 02:41:16"
"C:\Users\kalle\Downloads\Aether_master (1) (1)\aether_final\aether_repo\extracted\aether_final\modules\browser_engine.py","2026-03-28 02:41:16"
"C:\Users\kalle\Downloads\Aether_master (1) (1)\aether_final\aether_repo\extracted\aether_final\modules\ae_evolution_core.md","2026-03-28 02:41:16"
"C:\Users\kalle\Downloads\Aether_master (1) (1)\aether_final\aether_repo\extracted\aether_final\data\shanway_corpus\README.txt","2026-03-28 02:41:16"
"C:\Users\kalle\Downloads\Aether_master (1) (1)\aether_final\aether_repo\extracted\aether_final\.github\workflows\vault-pr-check.yml","2026-03-28 02:41:16"
"C:\Users\kalle\Downloads\Aether_master (1) (1)\aether_final\aether_repo\extracted\aether_final\tests\__pycache__\test_optimize_phase5.cpython-39-pytest-8.4.2.pyc","2026-03-18 02:29:19"
"C:\Users\kalle\Downloads\Aether_master (1) (1)\aether_final\aether_repo\extracted\aether_final\tests\__pycache__\test_observer_learning_privacy.cpython-39-pytest-8.4.2.pyc","2026-03-18 02:29:17"
"C:\Users\kalle\Downloads\Aether_master (1) (1)\aether_final\aether_repo\extracted\aether_final\data\__pycache__\file_register.cpython-39.pyc","2026-03-18 02:29:13"
"C:\Users\kalle\Downloads\Aether_master (1) (1)\aether_final\aether_repo\extracted\aether_final\tests\__pycache__\test_media_phase2.cpython-39-pytest-8.4.2.pyc","2026-03-18 02:29:12"
"C:\Users\kalle\Downloads\Aether_master (1) (1)\aether_final\aether_repo\extracted\aether_final\tests\__pycache__\test_lossless_roundtrip.cpython-39-pytest-8.4.2.pyc","2026-03-18 02:28:20"
"C:\Users\kalle\Downloads\Aether_master (1) (1)\aether_final\aether_repo\extracted\aether_final\tests\__pycache__\test_agent_control.cpython-39-pytest-8.4.2.pyc","2026-03-18 02:28:17"
"C:\Users\kalle\Downloads\Aether_master (1) (1)\aether_final\aether_repo\extracted\aether_final\tests\__pycache__\test_aethernet_temp.cpython-39-pytest-8.4.2.pyc","2026-03-18 02:28:16"
"C:\Users\kalle\Downloads\Aether_master (1) (1)\aether_final\aether_repo\extracted\aether_final\tests\__pycache__\test_aether_dropper.cpython-39-pytest-8.4.2.pyc","2026-03-18 02:27:43"
"C:\Users\kalle\Downloads\Aether_master (1) (1)\aether_final\aether_repo\README.md","2026-03-15 21:15:07"
"C:\Users\kalle\Downloads\Aether_master (1) (1)\aether_final\aether_repo\LICENSE","2026-03-15 21:15:07"
"C:\Users\kalle\Downloads\Aether_master (1) (1)\aether_final\aether_repo\extracted\aether_final\requirements.txt","2026-03-15 16:54:24"
"C:\Users\kalle\Downloads\Aether_master (1) (1)\aether_final\aether_repo\extracted\aether_final\Cargo.toml","2026-03-15 16:53:52"
"C:\Users\kalle\Downloads\Aether_master (1) (1)\aether_final\aether_repo\extracted\aether_final\modules\process_monitor.py","2026-03-15 16:53:08"
"C:\Users\kalle\Downloads\Aether_master (1) (1)\aether_final\aether_repo\extracted\aether_final\modules\render_coordinator.py","2026-03-15 16:52:36"
"C:\Users\kalle\Downloads\Aether_master (1) (1)\aether_final\aether_repo\extracted\aether_final\modules\local_secret_store.py","2026-03-15 16:43:16"
"C:\Users\kalle\Downloads\Aether_master (1) (1)\aether_final\aether_repo\extracted\aether_final\modules\session_engine.py","2026-03-15 16:42:30"
"C:\Users\kalle\Downloads\Aether_master (1) (1)\aether_final\aether_repo\extracted\aether_final\modules\chat_crypto.py","2026-03-15 16:41:58"
"C:\Users\kalle\Downloads\Aether_master (1) (1)\aether_final\aether_repo\extracted\aether_final\modules\repositories.py","2026-03-15 16:38:54"
"C:\Users\kalle\Downloads\Aether_master (1) (1)\aether_final\aether_repo\extracted\aether_final\modules\reconstruction_engine.py","2026-03-15 16:33:58"
"C:\Users\kalle\Downloads\Aether_master (1) (1)\aether_final\aether_repo\extracted\aether_final\modules\analysis_engine.py","2026-03-15 16:29:50"
"C:\Users\kalle\Downloads\Aether_master (1) (1)\aether_final\aether_repo\extracted\aether_final\Cargo.lock","2026-03-15 16:21:26"
"C:\Users\kalle\Downloads\Aether_master (1) (1)\aether_final\aether_repo\extracted\aether_final\modules\vault_chain.py","2026-03-15 16:19:54"
"C:\Users\kalle\Downloads\Aether_master (1) (1)\aether_final\aether_repo\extracted\aether_final\modules\ethics_engine.py","2026-03-15 16:19:54"
"C:\Users\kalle\Downloads\Aether_master (1) (1)\aether_final\aether_repo\extracted\aether_final\modules\graph_engine.py","2026-03-15 16:19:54"
"C:\Users\kalle\Downloads\Aether_master (1) (1)\aether_final\aether_repo\extracted\aether_final\modules\security_engine.py","2026-03-15 16:19:54"
"C:\Users\kalle\Downloads\Aether_master (1) (1)\aether_final\aether_repo\extracted\aether_final\modules\bayes_engine.py","2026-03-15 16:19:54"
"C:\Users\kalle\Downloads\Aether_master (1) (1)\aether_final\aether_repo\extracted\aether_final\modules\persist.py","2026-03-15 16:16:36"
"C:\Users\kalle\Downloads\Aether_master (1) (1)\aether_final\aether_repo\extracted\aether_final\tests\test_reconstruction_phase3.py","2026-03-15 16:16:24"
"C:\Users\kalle\Downloads\Aether_master (1) (1)\aether_final\aether_repo\extracted\aether_final\modules\optimize_engine.py","2026-03-15 05:23:12"
"C:\Users\kalle\Downloads\Aether_master (1) (1)\aether_final\aether_repo\extracted\aether_final\modules\p2p_anchor_pool.py","2026-03-15 05:23:12"
"C:\Users\kalle\Downloads\Aether_master (1) (1)\aether_final\aether_repo\extracted\aether_final\modules\process_engine.py","2026-03-15 05:23:12"
"C:\Users\kalle\Downloads\Aether_master (1) (1)\aether_final\aether_repo\extracted\aether_final\modules\monitoring_engine.py","2026-03-15 05:23:12"
"C:\Users\kalle\Downloads\Aether_master (1) (1)\aether_final\aether_repo\extracted\aether_final\modules\meta_engine.py","2026-03-15 05:23:12"
"C:\Users\kalle\Downloads\Aether_master (1) (1)\aether_final\aether_repo\extracted\aether_final\modules\scene_renderer.py","2026-03-15 05:23:12"
"C:\Users\kalle\Downloads\Aether_master (1) (1)\aether_final\aether_repo\extracted\aether_final\modules\renderer_visual.py","2026-03-15 05:23:12"
"C:\Users\kalle\Downloads\Aether_master (1) (1)\aether_final\aether_repo\extracted\aether_final\modules\privacy_observer.py","2026-03-15 05:23:12"
"C:\Users\kalle\Downloads\Aether_master (1) (1)\aether_final\aether_repo\extracted\aether_final\modules\public_ttd_transport.py","2026-03-15 05:23:12"
"C:\Users\kalle\Downloads\Aether_master (1) (1)\aether_final\aether_repo\extracted\aether_final\modules\public_anchor.py","2026-03-15 05:23:12"
"C:\Users\kalle\Downloads\Aether_master (1) (1)\aether_final\aether_repo\extracted\aether_final\modules\renderer_audio.py","2026-03-15 05:23:12"
"C:\Users\kalle\Downloads\Aether_master (1) (1)\aether_final\aether_repo\extracted\aether_final\modules\runtime_loop.py","2026-03-15 05:23:12"
"C:\Users\kalle\Downloads\Aether_master (1) (1)\aether_final\aether_repo\extracted\aether_final\modules\persistence_engine.py","2026-03-15 05:23:12"
"C:\Users\kalle\Downloads\Aether_master (1) (1)\aether_final\aether_repo\extracted\aether_final\modules\runtime_core.py","2026-03-15 05:23:12"
"C:\Users\kalle\Downloads\Aether_master (1) (1)\aether_final\aether_repo\extracted\aether_final\src\bin\slint_preview.rs","2026-03-15 05:23:12"
"C:\Users\kalle\Downloads\Aether_master (1) (1)\aether_final\aether_repo\extracted\aether_final\src\bin\sandbox_worker.rs","2026-03-15 05:23:12"
"C:\Users\kalle\Downloads\Aether_master (1) (1)\aether_final\aether_repo\extracted\aether_final\tests\test_aether_dropper.py","2026-03-15 05:23:12"
"C:\Users\kalle\Downloads\Aether_master (1) (1)\aether_final\aether_repo\extracted\aether_final\tests\test_aethernet_temp.py","2026-03-15 05:23:12"
"C:\Users\kalle\Downloads\Aether_master (1) (1)\aether_final\aether_repo\extracted\aether_final\src\bin\aether_iced.rs","2026-03-15 05:23:12"
"C:\Users\kalle\Downloads\Aether_master (1) (1)\aether_final\aether_repo\extracted\aether_final\src\state.rs","2026-03-15 05:23:12"
"C:\Users\kalle\Downloads\Aether_master (1) (1)\aether_final\aether_repo\extracted\aether_final\src\security.rs","2026-03-15 05:23:12"
"C:\Users\kalle\Downloads\Aether_master (1) (1)\aether_final\aether_repo\extracted\aether_final\src\bin\aether_eframe.rs","2026-03-15 05:23:12"
"C:\Users\kalle\Downloads\Aether_master (1) (1)\aether_final\aether_repo\extracted\aether_final\src\workflow_anchor.rs","2026-03-15 05:23:12"
"C:\Users\kalle\Downloads\Aether_master (1) (1)\aether_final\aether_repo\extracted\aether_final\tests\test_agent_control.py","2026-03-15 05:23:12"
"C:\Users\kalle\Downloads\Aether_master (1) (1)\aether_final\aether_repo\extracted\aether_final\tests\test_render_phase4.py","2026-03-15 05:23:12"
"C:\Users\kalle\Downloads\Aether_master (1) (1)\aether_final\aether_repo\extracted\aether_final\tests\test_process_phase3.py","2026-03-15 05:23:12"
"C:\Users\kalle\Downloads\Aether_master (1) (1)\aether_final\aether_repo\extracted\aether_final\ui\aether_modern.slint","2026-03-15 05:23:12"
"C:\Users\kalle\Downloads\Aether_master (1) (1)\aether_final\aether_repo\extracted\aether_final\tests\test_telemetry_classifier.py","2026-03-15 05:23:12"
"C:\Users\kalle\Downloads\Aether_master (1) (1)\aether_final\aether_repo\extracted\aether_final\tests\test_privacy_anchor_builder.py","2026-03-15 05:23:12"
"C:\Users\kalle\Downloads\Aether_master (1) (1)\aether_final\aether_repo\extracted\aether_final\tests\test_observer_learning_privacy.py","2026-03-15 05:23:12"
"C:\Users\kalle\Downloads\Aether_master (1) (1)\aether_final\aether_repo\extracted\aether_final\tests\test_media_phase2.py","2026-03-15 05:23:12"
"C:\Users\kalle\Downloads\Aether_master (1) (1)\aether_final\aether_repo\extracted\aether_final\tests\test_preload_optimizer.py","2026-03-15 05:23:12"
"C:\Users\kalle\Downloads\Aether_master (1) (1)\aether_final\aether_repo\extracted\aether_final\tests\test_optimize_phase5.py","2026-03-15 05:23:12"
"C:\Users\kalle\Downloads\Aether_master (1) (1)\aether_final\aether_repo\extracted\aether_final\modules\system_bus.py","2026-03-15 05:23:12"
"C:\Users\kalle\Downloads\Aether_master (1) (1)\aether_final\aether_repo\extracted\aether_final\modules\symbol_grounding.py","2026-03-15 05:23:12"
"C:\Users\kalle\Downloads\Aether_master (1) (1)\aether_final\aether_repo\extracted\aether_final\modules\theremin_engine.py","2026-03-15 05:23:12"
"C:\Users\kalle\Downloads\Aether_master (1) (1)\aether_final\aether_repo\extracted\aether_final\modules\telemetry_classifier.py","2026-03-15 05:23:12"
"C:\Users\kalle\Downloads\Aether_master (1) (1)\aether_final\aether_repo\extracted\aether_final\modules\structure_grid.py","2026-03-15 05:23:12"
"C:\Users\kalle\Downloads\Aether_master (1) (1)\aether_final\aether_repo\extracted\aether_final\modules\spectrum_engine.py","2026-03-15 05:23:12"
"C:\Users\kalle\Downloads\Aether_master (1) (1)\aether_final\aether_repo\extracted\aether_final\modules\security_monitor.py","2026-03-15 05:23:12"
"C:\Users\kalle\Downloads\Aether_master (1) (1)\aether_final\aether_repo\extracted\aether_final\modules\storage_gp.py","2026-03-15 05:23:12"
"C:\Users\kalle\Downloads\Aether_master (1) (1)\aether_final\aether_repo\extracted\aether_final\modules\state_machine.py","2026-03-15 05:23:12"
"C:\Users\kalle\Downloads\Aether_master (1) (1)\aether_final\aether_repo\extracted\aether_final\modules\trust_engine.py","2026-03-15 05:23:12"
"C:\Users\kalle\Downloads\Aether_master (1) (1)\aether_final\aether_repo\extracted\aether_final\src\gfx.rs","2026-03-15 05:23:12"
"C:\Users\kalle\Downloads\Aether_master (1) (1)\aether_final\aether_repo\extracted\aether_final\src\delta_vault.rs","2026-03-15 05:23:12"
"C:\Users\kalle\Downloads\Aether_master (1) (1)\aether_final\aether_repo\extracted\aether_final\src\public_ttd.rs","2026-03-15 05:23:12"
"C:\Users\kalle\Downloads\Aether_master (1) (1)\aether_final\aether_repo\extracted\aether_final\src\main.rs","2026-03-15 05:23:12"
"C:\Users\kalle\Downloads\Aether_master (1) (1)\aether_final\aether_repo\extracted\aether_final\src\browser_embed.rs","2026-03-15 05:23:12"
"C:\Users\kalle\Downloads\Aether_master (1) (1)\aether_final\aether_repo\extracted\aether_final\modules\__init__.py","2026-03-15 05:23:12"
"C:\Users\kalle\Downloads\Aether_master (1) (1)\aether_final\aether_repo\extracted\aether_final\modules\voxel_grid.py","2026-03-15 05:23:12"
"C:\Users\kalle\Downloads\Aether_master (1) (1)\aether_final\aether_repo\extracted\aether_final\src\browser.rs","2026-03-15 05:23:12"
"C:\Users\kalle\Downloads\Aether_master (1) (1)\aether_final\aether_repo\extracted\aether_final\src\auth.rs","2026-03-15 05:23:12"
"C:\Users\kalle\Downloads\Aether_master (1) (1)\aether_final\aether_repo\extracted\aether_final\data\aelab_vault\anchors_20260309T230944Z.dna","2026-03-15 05:23:12"
"C:\Users\kalle\Downloads\Aether_master (1) (1)\aether_final\aether_repo\extracted\aether_final\data\aelab_vault\anchors_20260309T230943Z.dna","2026-03-15 05:23:12"
"C:\Users\kalle\Downloads\Aether_master (1) (1)\aether_final\aether_repo\extracted\aether_final\data\aelab_vault\anchors_20260309T230942Z.dna","2026-03-15 05:23:12"
"C:\Users\kalle\Downloads\Aether_master (1) (1)\aether_final\aether_repo\extracted\aether_final\data\aelab_vault\anchors_20260309T230947Z.dna","2026-03-15 05:23:12"
"C:\Users\kalle\Downloads\Aether_master (1) (1)\aether_final\aether_repo\extracted\aether_final\data\aelab_vault\anchors_20260309T230946Z.dna","2026-03-15 05:23:12"
"C:\Users\kalle\Downloads\Aether_master (1) (1)\aether_final\aether_repo\extracted\aether_final\data\aelab_vault\anchors_20260309T230945Z.dna","2026-03-15 05:23:12"
"C:\Users\kalle\Downloads\Aether_master (1) (1)\aether_final\aether_repo\extracted\aether_final\data\aelab_vault\anchors_20260309T230938Z.dna","2026-03-15 05:23:12"
"C:\Users\kalle\Downloads\Aether_master (1) (1)\aether_final\aether_repo\extracted\aether_final\data\aelab_vault\anchors_20260309T230937Z.dna","2026-03-15 05:23:12"
"C:\Users\kalle\Downloads\Aether_master (1) (1)\aether_final\aether_repo\extracted\aether_final\data\aelab_vault\anchors_20260309T230936Z.dna","2026-03-15 05:23:12"
"C:\Users\kalle\Downloads\Aether_master (1) (1)\aether_final\aether_repo\extracted\aether_final\data\aelab_vault\anchors_20260309T230941Z.dna","2026-03-15 05:23:12"
"C:\Users\kalle\Downloads\Aether_master (1) (1)\aether_final\aether_repo\extracted\aether_final\data\aelab_vault\anchors_20260309T230940Z.dna","2026-03-15 05:23:12"
"C:\Users\kalle\Downloads\Aether_master (1) (1)\aether_final\aether_repo\extracted\aether_final\data\aelab_vault\anchors_20260309T230939Z.dna","2026-03-15 05:23:12"
"C:\Users\kalle\Downloads\Aether_master (1) (1)\aether_final\aether_repo\extracted\aether_final\data\aelab_vault\anchors_20260309T230948Z.dna","2026-03-15 05:23:12"
"C:\Users\kalle\Downloads\Aether_master (1) (1)\aether_final\aether_repo\extracted\aether_final\data\aelab_vault\anchors_20260309T232040Z.dna","2026-03-15 05:23:12"
"C:\Users\kalle\Downloads\Aether_master (1) (1)\aether_final\aether_repo\extracted\aether_final\data\aelab_vault\anchors_20260309T230956Z.dna","2026-03-15 05:23:12"
"C:\Users\kalle\Downloads\Aether_master (1) (1)\aether_final\aether_repo\extracted\aether_final\data\aelab_vault\anchors_20260309T230955Z.dna","2026-03-15 05:23:12"
"C:\Users\kalle\Downloads\Aether_master (1) (1)\aether_final\aether_repo\extracted\aether_final\data\aelab_vault\anchors_20260309T232043Z.dna","2026-03-15 05:23:12"
"C:\Users\kalle\Downloads\Aether_master (1) (1)\aether_final\aether_repo\extracted\aether_final\data\aelab_vault\anchors_20260309T232042Z.dna","2026-03-15 05:23:12"
"C:\Users\kalle\Downloads\Aether_master (1) (1)\aether_final\aether_repo\extracted\aether_final\data\aelab_vault\anchors_20260309T232041Z.dna","2026-03-15 05:23:12"
"C:\Users\kalle\Downloads\Aether_master (1) (1)\aether_final\aether_repo\extracted\aether_final\data\aelab_vault\anchors_20260309T230951Z.dna","2026-03-15 05:23:12"
"C:\Users\kalle\Downloads\Aether_master (1) (1)\aether_final\aether_repo\extracted\aether_final\data\aelab_vault\anchors_20260309T230950Z.dna","2026-03-15 05:23:12"
"C:\Users\kalle\Downloads\Aether_master (1) (1)\aether_final\aether_repo\extracted\aether_final\data\aelab_vault\anchors_20260309T230949Z.dna","2026-03-15 05:23:12"
"C:\Users\kalle\Downloads\Aether_master (1) (1)\aether_final\aether_repo\extracted\aether_final\data\aelab_vault\anchors_20260309T230954Z.dna","2026-03-15 05:23:12"
"C:\Users\kalle\Downloads\Aether_master (1) (1)\aether_final\aether_repo\extracted\aether_final\data\aelab_vault\anchors_20260309T230953Z.dna","2026-03-15 05:23:12"
"C:\Users\kalle\Downloads\Aether_master (1) (1)\aether_final\aether_repo\extracted\aether_final\data\aelab_vault\anchors_20260309T230952Z.dna","2026-03-15 05:23:12"
"C:\Users\kalle\Downloads\Aether_master (1) (1)\aether_final\aether_repo\extracted\aether_final\fail_modes.py","2026-03-15 05:23:12"
"C:\Users\kalle\Downloads\Aether_master (1) (1)\aether_final\aether_repo\extracted\aether_final\entropy_engine.py","2026-03-15 05:23:12"
"C:\Users\kalle\Downloads\Aether_master (1) (1)\aether_final\aether_repo\extracted\aether_final\delta_engine.py","2026-03-15 05:23:12"
"C:\Users\kalle\Downloads\Aether_master (1) (1)\aether_final\aether_repo\extracted\aether_final\observer_engine.py","2026-03-15 05:23:12"
"C:\Users\kalle\Downloads\Aether_master (1) (1)\aether_final\aether_repo\extracted\aether_final\LICENSE","2026-03-15 05:23:12"
"C:\Users\kalle\Downloads\Aether_master (1) (1)\aether_final\aether_repo\extracted\aether_final\governance_engine.py","2026-03-15 05:23:12"
"C:\Users\kalle\Downloads\Aether_master (1) (1)\aether_final\aether_repo\extracted\aether_final\analysis_engine.py","2026-03-15 05:23:12"
"C:\Users\kalle\Downloads\Aether_master (1) (1)\aether_final\aether_repo\extracted\aether_final\aether_dropper.py","2026-03-15 05:23:12"
"C:\Users\kalle\Downloads\Aether_master (1) (1)\aether_final\aether_repo\extracted\aether_final\Aether.spec","2026-03-15 05:23:12"
"C:\Users\kalle\Downloads\Aether_master (1) (1)\aether_final\aether_repo\extracted\aether_final\browser_dock_bridge.py","2026-03-15 05:23:12"
"C:\Users\kalle\Downloads\Aether_master (1) (1)\aether_final\aether_repo\extracted\aether_final\beauty_engine.py","2026-03-15 05:23:12"
"C:\Users\kalle\Downloads\Aether_master (1) (1)\aether_final\aether_repo\extracted\aether_final\attraktor_engine.py","2026-03-15 05:23:12"
"C:\Users\kalle\Downloads\Aether_master (1) (1)\aether_final\aether_repo\extracted\aether_final\operators.py","2026-03-15 05:23:12"
"C:\Users\kalle\Downloads\Aether_master (1) (1)\aether_final\aether_repo\extracted\aether_final\data\file_register.py","2026-03-15 05:23:12"
"C:\Users\kalle\Downloads\Aether_master (1) (1)\aether_final\aether_repo\extracted\aether_final\assets\robot_mark.svg","2026-03-15 05:23:12"
"C:\Users\kalle\Downloads\Aether_master (1) (1)\aether_final\aether_repo\extracted\aether_final\.github\workflows\vault_verify.yml","2026-03-15 05:23:12"
"C:\Users\kalle\Downloads\Aether_master (1) (1)\aether_final\aether_repo\extracted\aether_final\data\aelab_vault\anchors_20260309T230935Z.dna","2026-03-15 05:23:12"
"C:\Users\kalle\Downloads\Aether_master (1) (1)\aether_final\aether_repo\extracted\aether_final\data\aelab_vault\anchors_20260308T113029Z.dna","2026-03-15 05:23:12"
"C:\Users\kalle\Downloads\Aether_master (1) (1)\aether_final\aether_repo\extracted\aether_final\data\trusted_publishers.json","2026-03-15 05:23:12"
"C:\Users\kalle\Downloads\Aether_master (1) (1)\aether_final\aether_repo\extracted\aether_final\ReconstructionEngine","2026-03-15 05:23:12"
"C:\Users\kalle\Downloads\Aether_master (1) (1)\aether_final\aether_repo\extracted\aether_final\pytest.ini","2026-03-15 05:23:12"
"C:\Users\kalle\Downloads\Aether_master (1) (1)\aether_final\aether_repo\extracted\aether_final\persist.py","2026-03-15 05:23:12"
"C:\Users\kalle\Downloads\Aether_master (1) (1)\aether_final\aether_repo\extracted\aether_final\TODO.md","2026-03-15 05:23:12"
"C:\Users\kalle\Downloads\Aether_master (1) (1)\aether_final\aether_repo\extracted\aether_final\SECURITY.md","2026-03-15 05:23:12"
"C:\Users\kalle\Downloads\Aether_master (1) (1)\aether_final\aether_repo\extracted\aether_final\reconstruction_engine.py","2026-03-15 05:23:12"
"C:\Users\kalle\Downloads\Aether_master (1) (1)\aether_final\aether_repo\extracted\aether_final\modules\attractor_engine.py","2026-03-15 05:23:12"
"C:\Users\kalle\Downloads\Aether_master (1) (1)\aether_final\aether_repo\extracted\aether_final\modules\agent_control.py","2026-03-15 05:23:12"
"C:\Users\kalle\Downloads\Aether_master (1) (1)\aether_final\aether_repo\extracted\aether_final\modules\aethernet_temp.py","2026-03-15 05:23:12"
"C:\Users\kalle\Downloads\Aether_master (1) (1)\aether_final\aether_repo\extracted\aether_final\modules\bus_bridge.py","2026-03-15 05:23:12"
"C:\Users\kalle\Downloads\Aether_master (1) (1)\aether_final\aether_repo\extracted\aether_final\modules\blockchain_interface.py","2026-03-15 05:23:12"
"C:\Users\kalle\Downloads\Aether_master (1) (1)\aether_final\aether_repo\extracted\aether_final\modules\audio_engine.py","2026-03-15 05:23:12"
"C:\Users\kalle\Downloads\Aether_master (1) (1)\aether_final\aether_repo\extracted\aether_final\data\publisher_keys\.gitkeep","2026-03-15 05:23:12"
"C:\Users\kalle\Downloads\Aether_master (1) (1)\aether_final\aether_repo\extracted\aether_final\data\public_anchor_library\history\.gitkeep","2026-03-15 05:23:12"
"C:\Users\kalle\Downloads\Aether_master (1) (1)\aether_final\aether_repo\extracted\aether_final\data\public_anchor_library\README.txt","2026-03-15 05:23:12"
"C:\Users\kalle\Downloads\Aether_master (1) (1)\aether_final\aether_repo\extracted\aether_final\modules\aelab_legacy.py","2026-03-15 05:23:12"
"C:\Users\kalle\Downloads\Aether_master (1) (1)\aether_final\aether_repo\extracted\aether_final\data\shanway_corpus\en\.gitkeep","2026-03-15 05:23:12"
"C:\Users\kalle\Downloads\Aether_master (1) (1)\aether_final\aether_repo\extracted\aether_final\data\shanway_corpus\de\.gitkeep","2026-03-15 05:23:12"
"C:\Users\kalle\Downloads\Aether_master (1) (1)\aether_final\aether_repo\extracted\aether_final\modules\embedding_engine.py","2026-03-15 05:23:12"
"C:\Users\kalle\Downloads\Aether_master (1) (1)\aether_final\aether_repo\extracted\aether_final\modules\efficiency_monitor.py","2026-03-15 05:23:12"
"C:\Users\kalle\Downloads\Aether_master (1) (1)\aether_final\aether_repo\extracted\aether_final\modules\diagnostics.py","2026-03-15 05:23:12"
"C:\Users\kalle\Downloads\Aether_master (1) (1)\aether_final\aether_repo\extracted\aether_final\modules\media_processor.py","2026-03-15 05:23:12"
"C:\Users\kalle\Downloads\Aether_master (1) (1)\aether_final\aether_repo\extracted\aether_final\modules\log_system.py","2026-03-15 05:23:12"
"C:\Users\kalle\Downloads\Aether_master (1) (1)\aether_final\aether_repo\extracted\aether_final\modules\evolved_language.py","2026-03-15 05:23:12"
